{
  "hybrid": {
    "alpha": 29.207020832963895,
    "beta": 39.792979167036094
  },
  "iterative": {
    "alpha": 9.600000000000001,
    "beta": 7.3999999999999995
  },
  "graph": {
    "alpha": 44.54695078432563,
    "beta": 19.453049215674426
  },
  "table": {
    "alpha": 12.853621405661103,
    "beta": 14.146378594338897
  }
}